longitud_mensaje,num_palabras_mayuscula,num_signos_exclamacion,num_links,num_palabras_dinero,contiene_adjuntos,porcentaje_numeros,es_respuesta,num_palabras_raras,hora_envio,clase
910,2,0,0,0,0,0.01,1,4,10,0
180,4,1,1,1,1,0.0,1,0,18,0
452,14,9,1,3,1,0.08,0,16,22,1
1007,2,2,1,1,0,0.09,1,0,13,0
650,3,1,1,1,0,0.01,1,3,13,0
975,5,1,4,2,1,0.13,0,10,8,1
1700,4,2,2,4,0,0.28,0,12,14,1
1925,10,5,4,5,0,0.26,0,14,22,1
692,11,1,1,1,1,0.1,0,12,0,1
441,2,2,0,0,0,0.04,0,0,14,0
1106,4,2,1,1,0,0.06,1,2,7,0
702,9,9,3,2,0,0.08,0,19,19,1
1070,3,1,0,0,0,0.05,0,4,13,0
1159,3,1,1,0,0,0.01,1,3,18,0
1404,1,2,1,0,0,0.01,0,0,10,0
1332,2,0,1,0,0,0.03,0,2,12,0
1306,3,0,1,0,0,0.02,1,2,7,0
1001,0,2,0,1,0,0.01,0,0,7,0
1203,4,1,1,1,0,0.07,1,2,7,0
479,7,4,2,3,1,0.25,0,13,11,1
1422,2,2,1,0,0,0.08,1,3,15,0
1863,9,2,4,1,1,0.23,0,6,20,1
1834,9,9,4,4,0,0.3,0,18,19,1
1214,11,9,3,3,1,0.27,0,12,12,1
827,13,1,4,4,1,0.2,0,7,12,1
352,4,2,2,3,1,0.11,0,5,1,1
865,3,2,0,0,0,0.05,1,4,9,0
1506,13,2,1,1,0,0.17,0,9,9,1
596,0,0,1,1,0,0.03,1,3,15,0
1572,3,5,3,3,1,0.07,0,17,12,1
1479,5,2,1,2,1,0.22,0,12,4,1
903,1,2,0,1,1,0.07,1,2,12,0
808,1,2,1,0,0,0.01,0,3,19,0
561,3,2,0,0,0,0.01,1,2,15,0
1263,4,1,1,1,0,0.0,1,2,18,0
313,4,0,0,1,1,0.02,1,2,13,0
705,4,1,1,1,0,0.08,0,3,16,0
790,1,0,1,0,0,0.07,0,1,7,0
1169,0,0,0,0,1,0.07,1,4,13,0
203,2,0,1,0,0,0.01,0,3,11,0
267,1,0,0,1,0,0.04,1,1,12,0
1001,6,3,2,1,0,0.22,0,12,21,1
1095,13,4,4,4,0,0.21,0,5,17,1
1491,5,1,1,2,0,0.12,0,16,6,1
548,1,2,0,0,0,0.04,1,1,9,0
1269,1,0,1,0,1,0.0,1,4,15,0
656,10,3,1,3,0,0.14,0,11,14,1
1959,7,1,3,5,1,0.11,0,18,20,1
928,8,3,1,4,0,0.28,0,16,12,1
934,6,3,2,5,0,0.2,0,8,15,1
1374,11,7,1,5,0,0.06,0,19,3,1
932,13,2,3,4,1,0.26,0,5,6,1
1241,1,0,1,0,0,0.01,0,2,14,0
1415,3,0,0,0,1,0.08,1,2,19,0
216,2,1,1,0,0,0.05,0,3,16,0
655,11,7,1,3,0,0.29,0,19,13,1
978,4,1,1,1,1,0.06,1,4,17,0
1899,5,3,4,1,0,0.21,0,18,10,1
1789,8,3,4,1,1,0.29,0,12,12,1
422,1,1,1,1,0,0.03,1,3,17,0
1368,11,1,1,4,1,0.12,0,17,20,1
1817,5,5,3,1,0,0.28,0,6,14,1
1065,0,1,0,1,1,0.02,1,0,12,0
888,3,2,1,3,0,0.05,0,11,18,1
1868,8,3,1,5,1,0.24,0,7,9,1
50,2,0,0,1,0,0.07,1,3,14,0
299,1,1,1,0,0,0.09,1,4,17,0
673,4,0,1,1,1,0.09,1,1,12,0
997,13,3,3,2,0,0.18,0,12,20,1
1179,2,0,0,0,0,0.09,1,3,10,0
595,4,1,0,1,0,0.02,0,0,13,0
144,2,1,1,1,0,0.07,1,2,17,0
260,12,3,3,5,0,0.12,0,17,1,1
844,11,2,1,2,1,0.06,0,13,13,1
1279,13,1,2,4,1,0.24,0,17,23,1
255,8,7,2,2,1,0.06,0,12,6,1
1118,13,2,2,3,0,0.08,0,11,12,1
1346,1,1,1,0,1,0.06,1,2,15,0
160,3,2,1,1,0,0.06,1,1,15,0
741,1,1,0,1,0,0.03,1,4,12,0
673,3,1,0,1,0,0.02,1,2,9,0
278,3,2,1,1,0,0.09,0,0,14,0
773,11,2,3,3,0,0.12,0,16,8,1
1035,5,4,1,4,0,0.08,0,14,17,1
188,3,0,0,0,0,0.03,0,1,18,0
1241,1,0,0,0,0,0.01,1,2,7,0
435,4,5,4,3,1,0.1,0,7,21,1
1795,10,9,1,4,0,0.09,0,9,9,1
773,6,9,1,2,0,0.25,0,11,16,1
1860,8,1,3,1,0,0.27,0,11,14,1
153,2,2,0,1,1,0.06,1,3,19,0
527,2,0,1,0,0,0.02,1,3,12,0
716,13,1,2,5,0,0.26,0,12,15,1
1871,7,4,4,5,1,0.21,0,7,14,1
1506,7,4,3,2,0,0.11,0,11,13,1
595,12,8,2,2,1,0.05,0,16,14,1
1057,3,0,1,0,0,0.02,1,1,15,0
1102,0,1,0,0,0,0.02,0,3,12,0
1224,8,7,3,5,0,0.24,0,14,17,1
986,2,2,1,0,1,0.09,1,2,8,0
839,13,3,2,1,0,0.15,0,12,11,1
1202,8,2,1,1,0,0.29,0,5,14,1
1286,10,1,3,1,0,0.15,0,7,8,1
231,3,8,3,2,0,0.23,0,6,14,1
163,2,2,1,0,0,0.01,1,1,16,0
361,14,1,3,4,1,0.27,0,12,1,1
492,4,1,0,0,0,0.09,1,1,9,0
1151,2,0,1,0,0,0.03,0,1,13,0
1308,5,3,4,5,0,0.27,0,19,15,1
1072,1,2,0,0,0,0.06,1,0,8,0
1723,12,6,4,1,1,0.17,0,18,13,1
1188,0,1,0,1,0,0.04,0,2,10,0
78,4,1,0,0,0,0.09,0,3,15,0
1090,4,0,1,1,0,0.01,0,2,15,0
780,1,0,0,0,0,0.09,1,3,16,0
179,3,1,0,0,0,0.06,0,4,17,0
725,0,2,0,1,0,0.05,1,4,14,0
800,3,2,0,1,0,0.05,1,1,15,0
1724,11,9,4,1,0,0.23,0,12,13,1
180,1,0,1,1,1,0.0,0,4,18,0
1016,3,9,3,1,0,0.19,0,12,16,1
1304,9,5,2,1,1,0.21,0,15,23,1
246,12,7,1,2,0,0.28,0,18,6,1
1082,10,2,3,5,0,0.27,0,11,13,1
814,3,8,3,4,0,0.07,0,9,14,1
1032,3,2,0,1,0,0.08,1,1,7,0
1649,14,2,3,3,1,0.06,0,11,8,1
1112,3,0,1,0,0,0.05,1,3,15,0
1120,9,4,1,1,0,0.08,0,18,10,1
345,7,9,4,1,1,0.06,0,19,12,1
1363,13,5,1,5,0,0.15,0,12,19,1
1285,4,9,3,4,0,0.15,0,17,15,1
1716,12,2,1,2,0,0.29,0,12,12,1
1120,0,0,0,1,1,0.02,1,1,8,0
415,5,3,2,5,0,0.18,0,13,19,1
1490,11,8,3,3,0,0.27,0,13,18,1
89,0,0,0,0,0,0.03,0,2,11,0
963,4,0,1,0,1,0.01,1,4,9,0
1791,10,2,4,3,1,0.23,0,12,17,1
552,13,9,1,3,0,0.28,0,8,15,1
206,7,9,3,2,0,0.13,0,18,20,1
1331,4,0,1,0,0,0.01,1,0,7,0
915,3,0,0,1,0,0.08,1,1,18,0
1445,7,6,4,4,1,0.07,0,15,7,1
600,12,6,1,2,0,0.26,0,18,22,1
1899,13,3,4,5,0,0.07,0,5,11,1
996,2,1,0,1,0,0.05,1,2,19,0
1494,9,4,4,2,1,0.11,0,15,10,1
947,10,5,3,5,1,0.15,0,13,13,1
619,3,1,0,1,0,0.0,1,3,8,0
407,13,8,4,1,1,0.24,0,19,13,1
398,5,5,4,4,1,0.1,0,19,13,1
1346,3,0,1,1,0,0.01,1,4,8,0
594,3,8,1,2,1,0.15,0,19,15,1
1374,0,0,1,1,1,0.07,1,0,7,0
1119,3,0,1,1,0,0.03,1,0,15,0
638,3,1,1,0,0,0.06,1,1,8,0
477,0,2,0,0,1,0.06,1,0,8,0
1913,14,4,2,3,0,0.22,0,8,14,1
1094,5,9,4,2,0,0.23,0,16,9,1
1374,2,1,0,0,0,0.07,1,4,13,0
963,2,1,0,1,0,0.05,0,2,9,0
1280,0,2,1,0,1,0.07,1,3,11,0
1437,3,1,0,0,0,0.04,1,3,8,0
1131,8,7,2,3,0,0.28,0,16,12,1
70,0,2,1,1,0,0.06,1,1,13,0
1054,0,1,1,1,0,0.06,1,3,8,0
1218,2,0,0,1,0,0.07,1,3,14,0
968,2,1,0,1,0,0.05,1,0,7,0
1021,0,0,1,1,0,0.0,1,4,18,0
205,3,2,0,1,0,0.01,1,3,16,0
168,2,1,0,0,0,0.01,1,3,16,0
291,2,2,1,1,0,0.1,1,2,8,0
1367,3,2,1,1,0,0.07,0,1,11,0
718,4,2,1,0,0,0.08,1,1,8,0
352,0,2,1,0,0,0.07,0,4,11,0
1443,4,2,4,1,1,0.3,0,17,17,1
688,13,4,2,5,1,0.28,0,7,17,1
1200,9,3,1,3,0,0.12,0,11,0,1
1149,1,2,0,0,0,0.05,1,0,9,0
1340,2,1,1,1,0,0.05,1,1,12,0
1444,12,9,4,5,0,0.2,0,16,13,1
392,1,2,0,0,1,0.04,1,4,18,0
914,5,4,1,5,0,0.08,0,17,15,1
693,13,3,4,2,1,0.23,0,5,23,1
549,13,7,3,4,0,0.18,0,11,10,1
644,12,8,4,4,0,0.25,0,5,12,1
758,13,7,2,5,1,0.11,0,13,15,1
731,0,1,0,0,0,0.07,1,1,15,0
1042,1,0,0,0,0,0.09,0,0,12,0
468,3,2,1,0,0,0.04,1,0,8,0
312,4,1,0,1,0,0.07,1,3,9,0
1325,12,7,1,4,0,0.27,0,7,12,1
1143,0,2,1,0,0,0.01,1,2,11,0
116,3,0,1,0,0,0.01,1,0,9,0
315,10,6,4,2,1,0.09,0,19,16,1
667,0,2,1,1,0,0.07,1,4,13,0
1177,4,0,0,1,0,0.06,0,0,11,0
1773,6,2,1,4,0,0.12,0,6,12,1
810,0,0,0,0,0,0.04,1,2,12,0
391,3,0,1,1,0,0.04,1,4,9,0
1893,8,3,4,4,1,0.13,0,7,7,1
1689,6,2,4,2,1,0.08,0,10,11,1
1032,8,4,3,3,0,0.09,0,9,6,1
1013,0,2,1,0,0,0.1,1,4,10,0
496,4,2,1,1,0,0.02,0,2,8,0
691,2,1,0,0,0,0.1,0,2,11,0
239,2,2,1,1,0,0.05,1,0,11,0
1019,6,4,4,2,0,0.27,0,18,15,1
204,3,1,1,0,0,0.08,0,1,17,0
791,4,1,0,1,0,0.06,1,1,8,0
1916,4,5,1,4,0,0.12,0,15,13,1
382,7,4,2,4,0,0.21,0,7,12,1
1495,1,0,1,0,0,0.01,1,0,7,0
1783,3,2,2,4,1,0.26,0,11,15,1
399,3,1,4,5,0,0.23,0,5,13,1
1273,0,2,0,0,0,0.01,0,4,10,0
565,6,4,3,3,1,0.1,0,15,12,1
1575,10,6,3,4,1,0.25,0,12,15,1
995,2,0,1,1,0,0.01,1,1,16,0
851,13,8,2,5,0,0.24,0,16,7,1
322,1,2,0,0,0,0.06,1,1,12,0
1245,2,1,0,1,1,0.07,1,0,18,0
1753,7,5,2,4,0,0.13,0,10,23,1
1689,4,5,3,4,1,0.1,0,7,7,1
327,2,0,0,0,0,0.03,1,4,13,0
1504,7,8,2,2,0,0.11,0,9,19,1
1297,1,1,0,0,0,0.07,1,2,8,0
1086,0,1,1,1,1,0.08,0,0,8,0
1243,13,3,3,3,1,0.14,0,17,15,1
1213,5,5,2,5,0,0.09,0,14,15,1
1130,4,0,0,0,0,0.06,0,1,13,0
965,10,2,2,2,1,0.06,0,7,13,1
455,4,1,1,1,0,0.08,1,4,10,0
162,0,1,0,1,0,0.08,1,0,18,0
210,0,1,1,1,0,0.01,1,3,17,0
801,7,9,4,5,1,0.09,0,15,1,1
909,3,3,1,3,0,0.16,0,7,12,1
98,4,1,1,0,0,0.06,0,1,9,0
1386,3,1,0,1,0,0.01,1,3,14,0
774,3,1,1,1,0,0.02,1,1,12,0
254,3,0,0,1,0,0.01,1,0,11,0
1742,8,2,4,3,1,0.19,0,11,12,1
1095,11,5,2,5,0,0.21,0,14,8,1
420,0,0,1,1,0,0.01,0,3,16,0
647,0,0,1,0,0,0.04,1,0,7,0
1717,8,2,1,2,0,0.29,0,13,15,1
484,4,2,1,1,0,0.05,1,1,9,0
610,4,1,0,1,0,0.05,0,4,12,0
831,2,0,0,1,1,0.08,0,0,14,0
1117,0,1,1,0,0,0.07,1,1,17,0
506,13,8,4,2,0,0.14,0,13,14,1
766,11,8,2,2,0,0.19,0,6,11,1
458,13,2,3,1,0,0.06,0,12,19,1
1842,7,4,2,3,1,0.25,0,18,11,1
1332,9,5,1,5,0,0.3,0,14,12,1
180,0,0,1,1,0,0.04,1,3,19,0
695,2,0,0,1,1,0.05,1,1,12,0
675,12,5,4,2,0,0.11,0,8,20,1
537,12,9,3,1,1,0.17,0,19,9,1
942,1,1,0,1,0,0.07,0,3,18,0
1982,9,3,4,2,0,0.13,0,19,4,1
1148,6,4,4,1,1,0.25,0,17,19,1
845,13,7,3,3,0,0.14,0,18,18,1
1770,5,4,1,1,0,0.06,0,10,10,1
282,5,3,2,3,1,0.05,0,11,15,1
1859,9,9,4,3,1,0.08,0,10,6,1
514,0,0,1,1,0,0.06,0,2,15,0
117,3,1,0,0,0,0.09,0,4,7,0
317,2,2,1,1,1,0.05,0,3,11,0
1212,11,9,4,3,1,0.27,0,5,1,1
1647,14,6,4,1,0,0.09,0,10,15,1
704,5,4,3,4,0,0.15,0,17,22,1
1235,2,2,0,0,0,0.04,1,1,7,0
311,1,2,1,0,0,0.1,1,0,9,0
1364,4,0,0,0,0,0.0,0,2,10,0
651,4,0,0,1,0,0.03,1,0,14,0
602,0,0,0,0,0,0.09,1,2,9,0
176,4,0,1,1,0,0.09,1,4,18,0
1524,12,7,4,2,1,0.27,0,18,3,1
776,0,2,1,1,0,0.07,1,3,8,0
461,3,0,0,1,0,0.04,1,4,15,0
1489,4,3,2,1,1,0.27,0,8,15,1
1828,8,3,4,2,0,0.16,0,7,13,1
1035,4,0,1,0,0,0.05,1,3,11,0
1881,6,3,1,1,0,0.25,0,16,9,1
244,3,2,0,0,0,0.09,0,2,15,0
1453,0,2,1,1,0,0.06,0,0,7,0
1892,12,2,4,3,0,0.07,0,18,14,1
625,4,1,1,1,0,0.06,0,0,19,0
1125,10,8,3,3,1,0.15,0,15,8,1
1457,5,2,2,3,0,0.17,0,14,20,1
219,3,0,0,0,0,0.1,1,4,19,0
837,6,1,1,4,1,0.17,0,17,14,1
1602,9,3,3,2,1,0.23,0,14,3,1
1053,4,2,0,1,0,0.06,0,2,19,0
338,6,3,1,1,1,0.13,0,10,14,1
364,9,5,4,4,1,0.23,0,10,9,1
1340,4,6,1,4,0,0.24,0,11,6,1
1243,11,6,1,3,0,0.3,0,16,16,1
744,1,1,0,0,0,0.04,1,0,9,0
1914,7,2,4,3,1,0.2,0,11,22,1
1402,3,0,0,0,1,0.09,0,2,17,0
992,4,2,0,1,0,0.09,0,2,12,0
519,7,2,1,3,0,0.29,0,19,23,1
843,0,2,1,0,0,0.03,1,4,19,0
387,11,1,4,3,1,0.07,0,13,16,1
1333,2,2,1,0,0,0.06,1,4,19,0
407,1,0,0,1,0,0.07,0,1,16,0
160,3,1,0,0,1,0.09,1,2,12,0
370,0,0,1,0,0,0.02,1,0,12,0
232,1,1,1,1,0,0.06,1,1,18,0
102,3,0,0,0,0,0.04,0,1,8,0
1862,13,9,4,1,0,0.05,0,14,17,1
1949,8,1,3,2,0,0.14,0,16,16,1
682,0,2,0,0,1,0.03,1,2,19,0
247,3,2,0,0,0,0.05,1,2,15,0
1105,9,5,1,3,1,0.29,0,16,6,1
992,11,5,4,3,1,0.3,0,5,12,1
739,11,3,3,2,1,0.24,0,13,3,1
409,7,4,3,2,0,0.21,0,15,16,1
1323,9,2,1,4,1,0.13,0,16,3,1
1021,8,1,4,5,0,0.14,0,13,17,1
764,14,5,2,5,0,0.13,0,10,16,1
874,11,3,3,1,1,0.12,0,17,13,1
1411,12,6,1,4,0,0.12,0,5,14,1
1725,7,9,2,5,0,0.05,0,9,11,1
718,6,9,2,4,0,0.12,0,8,14,1
506,11,8,1,1,0,0.1,0,15,10,1
538,4,1,1,1,0,0.01,1,3,16,0
830,7,8,4,4,0,0.29,0,16,17,1
1163,3,2,1,0,0,0.08,1,2,19,0
1583,6,1,1,4,0,0.23,0,13,19,1
1465,12,1,2,5,0,0.11,0,12,6,1
1961,12,5,2,5,1,0.28,0,18,13,1
1446,5,6,1,4,1,0.22,0,5,23,1
1746,14,6,1,4,1,0.3,0,15,23,1
1362,7,9,2,3,0,0.1,0,6,23,1
932,4,2,0,1,0,0.04,1,1,13,0
411,3,2,1,0,0,0.08,1,1,12,0
1267,11,5,2,4,0,0.28,0,14,17,1
219,3,1,0,1,1,0.03,0,4,9,0
1396,12,4,1,3,1,0.17,0,13,16,1
1029,3,0,1,0,0,0.04,0,0,8,0
1060,6,5,3,2,1,0.11,0,14,19,1
1489,13,9,1,5,0,0.09,0,6,15,1
758,2,2,0,0,0,0.08,0,1,14,0
511,3,2,1,1,0,0.02,1,0,9,0
1781,14,9,3,4,0,0.27,0,5,12,1
239,6,2,1,2,1,0.18,0,5,14,1
328,4,0,0,1,0,0.05,1,3,12,0
729,4,0,1,0,1,0.01,0,3,12,0
619,11,5,1,2,0,0.13,0,13,9,1
1258,2,2,1,1,1,0.08,1,4,14,0
1794,9,2,3,1,0,0.21,0,10,9,1
635,11,5,1,1,0,0.18,0,8,22,1
1267,2,1,0,0,0,0.07,1,0,8,0
676,11,6,2,4,1,0.26,0,19,16,1
308,9,1,1,3,0,0.18,0,8,12,1
1492,1,0,1,1,0,0.02,1,2,12,0
1391,5,5,1,5,1,0.27,0,17,22,1
858,14,9,4,4,1,0.13,0,10,15,1
718,10,7,3,2,1,0.28,0,6,9,1
162,3,1,0,0,0,0.04,1,4,15,0
1292,8,8,3,1,0,0.16,0,7,15,1
608,3,0,0,1,0,0.06,0,2,12,0
603,10,2,3,2,1,0.05,0,18,14,1
567,1,0,1,1,0,0.02,1,0,17,0
1806,13,3,2,2,0,0.12,0,16,14,1
353,13,7,3,3,0,0.29,0,15,12,1
602,6,3,3,2,0,0.05,0,7,12,1
272,3,6,1,3,0,0.2,0,17,7,1
315,4,2,0,1,1,0.0,1,3,8,0
333,0,0,0,1,1,0.05,1,1,10,0
245,12,6,4,1,0,0.24,0,6,5,1
1350,11,4,1,3,1,0.05,0,12,9,1
1264,12,2,4,5,0,0.1,0,11,3,1
1223,3,9,2,5,0,0.28,0,15,13,1
1537,3,2,2,2,1,0.15,0,8,21,1
1909,5,6,1,3,0,0.07,0,14,12,1
344,0,0,1,0,0,0.08,1,4,16,0
1261,1,1,1,0,1,0.01,1,2,16,0
821,4,2,1,1,1,0.01,1,1,15,0
1111,4,0,0,0,0,0.07,1,4,10,0
1013,4,0,1,1,0,0.05,1,4,19,0
101,0,0,0,1,1,0.1,1,1,7,0
1006,3,1,1,5,0,0.19,0,7,11,1
460,12,7,1,4,1,0.24,0,13,0,1
1312,4,2,0,1,0,0.02,0,0,13,0
499,4,1,1,1,0,0.05,1,2,16,0
833,12,3,4,2,0,0.2,0,18,7,1
1200,2,1,0,1,1,0.06,1,0,7,0
529,10,1,1,2,0,0.19,0,5,15,1
404,3,5,4,5,0,0.09,0,14,13,1
354,2,2,1,0,1,0.08,1,2,15,0
1610,7,9,2,4,1,0.24,0,17,17,1
698,14,3,2,1,0,0.18,0,7,18,1
1098,13,5,2,1,1,0.28,0,6,4,1
915,11,8,4,4,0,0.3,0,6,12,1
534,6,3,3,3,0,0.14,0,15,16,1
892,1,2,0,1,0,0.02,1,0,15,0
1197,1,0,1,0,0,0.06,1,1,11,0
1006,12,4,1,3,1,0.21,0,17,12,1
1094,14,6,1,2,1,0.24,0,7,12,1
689,7,5,2,2,0,0.15,0,15,10,1
1132,0,0,0,1,0,0.09,1,0,16,0
595,5,7,2,1,0,0.22,0,19,15,1
260,3,5,2,5,1,0.26,0,14,15,1
587,9,7,2,4,1,0.24,0,5,12,1
624,4,0,1,0,1,0.06,1,0,14,0
504,4,1,1,1,0,0.08,1,2,10,0
1156,13,3,1,3,0,0.06,0,17,11,1
658,13,5,3,3,0,0.07,0,9,9,1
511,1,0,1,1,0,0.08,1,2,9,0
1348,12,3,1,4,1,0.24,0,15,15,1
1349,2,2,1,0,1,0.03,1,2,11,0
979,4,4,2,1,0,0.28,0,18,3,1
963,2,2,1,1,0,0.09,1,0,17,0
1200,8,6,3,1,1,0.2,0,19,8,1
992,0,0,1,1,0,0.07,0,2,17,0
1369,3,1,1,0,0,0.1,1,1,11,0
1661,12,8,4,3,0,0.06,0,12,9,1
539,6,7,4,3,0,0.27,0,19,16,1
1288,0,2,0,1,0,0.07,1,0,14,0
1084,6,7,1,4,1,0.26,0,18,10,1
1321,4,7,4,2,0,0.17,0,10,21,1
832,4,2,0,1,0,0.01,0,2,14,0
617,3,1,0,1,0,0.07,0,4,16,0
1446,4,6,3,2,1,0.23,0,18,17,1
535,1,1,1,0,0,0.02,1,0,13,0
1713,11,7,2,5,0,0.16,0,17,11,1
1171,10,1,3,2,0,0.18,0,11,14,1
239,6,5,2,5,1,0.17,0,16,16,1
960,5,2,4,4,0,0.18,0,12,8,1
1452,8,3,1,1,0,0.27,0,10,9,1
1044,13,6,3,4,0,0.26,0,7,7,1
605,8,8,3,1,1,0.11,0,14,12,1
1250,2,2,0,0,0,0.1,0,4,16,0
582,8,4,1,5,1,0.25,0,8,12,1
981,0,0,0,0,0,0.05,1,4,13,0
364,1,2,0,0,0,0.05,1,1,12,0
962,4,1,0,1,1,0.02,0,4,13,0
1690,6,9,4,2,1,0.08,0,8,10,1
848,8,1,4,3,1,0.1,0,19,13,1
1216,11,8,4,3,0,0.14,0,12,8,1
664,2,2,0,0,0,0.07,1,1,12,0
241,2,1,1,0,0,0.04,0,4,9,0
153,2,2,1,0,0,0.07,1,1,12,0
1594,6,4,2,2,1,0.13,0,17,0,1
1328,6,7,4,3,0,0.13,0,12,11,1
409,10,1,3,4,0,0.14,0,8,8,1
416,3,2,1,0,1,0.04,1,1,14,0
1051,0,1,1,1,0,0.02,0,2,16,0
1336,5,9,1,4,0,0.15,0,19,12,1
1355,9,7,4,1,0,0.23,0,7,11,1
677,4,1,0,0,0,0.07,1,3,15,0
938,1,0,1,0,0,0.02,0,2,8,0
788,2,1,1,0,1,0.01,0,4,16,0
510,7,8,3,5,0,0.11,0,15,14,1
1923,5,7,2,5,0,0.12,0,17,9,1
655,0,2,0,1,0,0.03,0,3,15,0
1662,8,8,1,1,0,0.19,0,10,19,1
221,8,3,1,1,0,0.1,0,5,17,1
478,2,1,1,0,0,0.06,1,4,7,0
1065,2,1,0,1,0,0.04,1,4,16,0
759,2,1,1,1,0,0.07,0,3,13,0
774,13,3,1,3,0,0.19,0,14,17,1
1540,3,7,3,2,0,0.14,0,17,14,1
1079,6,8,3,4,1,0.09,0,14,7,1
1510,5,6,4,3,0,0.13,0,6,19,1
570,9,9,4,3,0,0.13,0,6,15,1
621,1,2,1,0,0,0.0,1,4,18,0
968,1,1,0,1,0,0.03,1,2,9,0
1010,3,4,3,4,0,0.1,0,10,17,1
1266,3,1,1,0,0,0.1,0,3,18,0
424,4,1,3,1,0,0.07,0,17,8,1
1329,0,1,0,1,0,0.08,1,0,16,0
688,0,0,1,0,0,0.02,0,2,11,0
884,9,7,1,2,1,0.15,0,10,8,1
532,4,2,1,1,0,0.08,1,1,18,0
1048,1,1,0,0,0,0.03,1,3,18,0
66,4,0,1,1,1,0.09,0,3,12,0
125,4,1,0,1,0,0.07,1,4,11,0
427,6,3,1,2,0,0.12,0,11,7,1
887,3,1,1,1,0,0.01,0,4,9,0
852,13,6,1,4,1,0.27,0,8,6,1
631,3,2,0,0,0,0.05,0,4,10,0
1810,7,6,2,4,0,0.07,0,14,13,1
779,5,3,1,5,1,0.12,0,9,17,1
1211,1,1,1,1,0,0.09,0,4,17,0
956,4,2,1,0,1,0.0,1,3,7,0
1404,12,7,2,2,1,0.08,0,14,10,1
1404,4,2,1,0,0,0.06,1,1,18,0
1169,4,1,1,1,0,0.06,1,1,11,0
1460,8,9,4,2,0,0.23,0,6,8,1
211,10,9,4,2,0,0.07,0,6,17,1
627,0,2,1,1,0,0.03,1,1,19,0
812,14,4,1,5,0,0.07,0,6,6,1
513,14,6,4,4,1,0.23,0,19,16,1
928,3,4,4,2,0,0.11,0,17,10,1
710,2,1,0,0,0,0.07,1,4,13,0
1474,0,1,0,1,0,0.01,1,2,17,0
1360,2,0,1,0,0,0.01,1,4,17,0
1868,11,6,3,1,0,0.22,0,9,12,1
1320,0,2,1,0,1,0.1,1,1,9,0
392,12,5,3,1,0,0.22,0,10,14,1
1896,5,3,1,3,0,0.19,0,8,16,1
1325,13,9,2,4,0,0.2,0,10,9,1
1273,1,1,1,0,0,0.06,1,3,14,0
484,3,2,0,0,0,0.06,1,1,17,0
951,3,1,0,1,0,0.1,1,3,12,0
462,13,7,1,4,0,0.23,0,18,11,1
1644,7,8,4,1,1,0.26,0,10,11,1
1298,3,7,2,2,0,0.28,0,11,17,1
796,0,1,0,1,0,0.01,0,2,18,0
919,6,8,1,3,0,0.2,0,9,13,1
621,9,9,2,1,1,0.09,0,14,9,1
1529,8,4,1,1,0,0.22,0,8,16,1
779,3,0,0,1,0,0.01,0,2,10,0
1858,13,9,2,4,0,0.09,0,19,18,1
470,0,2,1,1,0,0.06,1,2,8,0
421,6,2,2,5,0,0.22,0,19,19,1
1972,8,6,4,3,0,0.2,0,9,0,1
1452,14,6,2,3,0,0.27,0,16,17,1
1190,1,2,0,1,0,0.06,1,3,12,0
413,2,2,1,0,1,0.06,1,4,14,0
1395,8,9,3,1,0,0.11,0,19,14,1
419,5,7,1,1,0,0.25,0,9,15,1
679,13,7,2,5,0,0.09,0,14,8,1
1469,4,0,0,0,0,0.08,0,3,9,0
606,4,2,1,0,0,0.1,0,1,15,0
312,7,1,2,3,0,0.16,0,5,4,1
1441,0,0,0,0,0,0.07,0,4,17,0
857,13,9,4,3,0,0.24,0,13,12,1
530,3,1,0,1,0,0.1,1,4,19,0
197,1,2,1,1,0,0.01,1,3,19,0
1220,2,2,0,1,1,0.08,0,0,7,0
936,2,1,1,0,0,0.07,1,3,17,0
1199,0,0,1,0,0,0.04,1,4,13,0
861,14,3,4,5,0,0.09,0,11,14,1
134,0,0,0,1,0,0.07,1,4,17,0
1298,4,0,0,0,0,0.02,0,2,16,0
389,2,1,0,0,0,0.04,0,4,19,0
150,4,0,1,0,0,0.03,1,2,15,0
951,4,2,1,1,1,0.02,1,2,8,0
1092,10,3,2,1,0,0.06,0,16,6,1
1961,5,7,3,1,1,0.28,0,5,11,1
921,1,1,0,0,0,0.06,0,0,17,0
1051,1,1,0,1,0,0.0,1,3,14,0
1360,12,4,1,3,0,0.23,0,9,14,1
1993,6,9,4,3,0,0.11,0,13,6,1
534,4,1,0,1,0,0.07,0,0,10,0
1981,10,7,3,5,1,0.13,0,7,19,1
848,1,2,0,0,0,0.07,1,1,13,0
897,5,2,3,4,1,0.11,0,15,0,1
1541,10,9,4,1,0,0.24,0,18,7,1
1742,5,1,1,3,0,0.13,0,8,13,1
372,9,2,4,1,1,0.07,0,10,15,1
735,2,1,0,0,0,0.01,0,4,9,0
220,8,8,3,3,1,0.29,0,10,18,1
718,3,2,0,0,0,0.01,1,2,12,0
1160,0,2,0,1,0,0.02,1,0,17,0
1962,7,3,4,3,1,0.22,0,17,20,1
941,3,2,1,1,0,0.03,0,2,8,0
1999,5,9,2,5,0,0.05,0,5,8,1
128,3,1,0,0,0,0.04,1,4,15,0
441,2,1,1,0,0,0.09,1,3,11,0
1095,2,0,1,1,0,0.04,1,1,13,0
796,9,2,2,1,1,0.16,0,8,0,1
1238,0,0,1,0,0,0.06,1,1,13,0
450,3,2,3,1,0,0.23,0,8,13,1
108,0,1,0,0,0,0.1,0,1,16,0
674,4,1,1,0,0,0.07,1,0,8,0
698,12,2,2,4,1,0.17,0,14,14,1
242,3,1,0,1,1,0.03,1,0,17,0
1371,2,2,1,1,1,0.01,1,0,7,0
132,0,2,1,0,0,0.04,1,4,9,0
659,0,2,1,1,0,0.1,1,0,14,0
618,3,1,0,1,0,0.08,1,4,7,0
418,7,5,4,4,0,0.17,0,14,13,1
785,13,1,1,3,1,0.1,0,11,13,1
1204,6,7,4,3,1,0.1,0,5,13,1
999,11,4,1,5,0,0.25,0,10,12,1
1483,4,2,0,1,1,0.07,1,2,15,0
1353,9,1,4,5,0,0.21,0,11,15,1
730,2,1,1,0,1,0.01,1,3,12,0
632,1,1,1,1,0,0.02,1,2,16,0
1939,10,9,4,3,1,0.1,0,15,17,1
1365,1,2,0,0,0,0.04,0,1,7,0
736,7,5,2,1,0,0.09,0,12,14,1
874,1,0,1,1,1,0.03,0,1,14,0
1564,7,2,3,5,0,0.18,0,6,16,1
606,1,0,0,1,0,0.03,1,3,14,0
306,14,9,1,3,0,0.11,0,7,5,1
1227,1,1,1,0,0,0.05,1,1,9,0
787,3,8,3,3,0,0.26,0,7,23,1
1853,9,4,4,5,1,0.16,0,13,12,1
641,10,7,4,4,0,0.24,0,15,6,1
1384,12,9,1,4,0,0.29,0,17,12,1
819,3,1,1,2,1,0.18,0,8,3,1
136,4,2,0,1,0,0.07,1,2,13,0
1545,6,3,2,4,1,0.07,0,8,6,1
172,4,2,1,0,0,0.06,0,4,17,0
696,2,0,0,0,0,0.02,1,4,15,0
292,8,1,2,5,1,0.26,0,10,18,1
746,9,7,2,2,1,0.18,0,18,14,1
1880,5,3,1,4,0,0.09,0,6,12,1
1355,4,5,3,2,0,0.23,0,10,8,1
1670,11,9,2,2,0,0.18,0,14,17,1
853,4,1,1,0,0,0.04,0,4,18,0
728,3,2,0,0,0,0.07,0,3,12,0
1448,1,1,0,0,0,0.05,0,4,14,0
106,0,2,1,1,0,0.05,1,1,17,0
1066,3,1,1,1,0,0.01,0,3,14,0
676,9,8,1,5,0,0.08,0,9,2,1
931,4,1,1,1,0,0.06,1,4,16,0
226,2,1,1,1,1,0.06,1,3,16,0
940,5,7,3,1,0,0.15,0,13,13,1
204,12,6,1,3,0,0.26,0,15,6,1
1097,13,2,1,5,1,0.07,0,9,12,1
1427,9,8,2,4,1,0.09,0,17,15,1
1044,11,5,2,2,1,0.17,0,11,16,1
454,6,5,2,1,0,0.22,0,17,2,1
545,4,0,0,0,1,0.02,1,4,10,0
870,7,9,4,4,0,0.13,0,5,5,1
1149,6,6,4,3,0,0.28,0,17,13,1
619,2,1,1,1,0,0.02,1,4,9,0
426,4,0,0,1,0,0.03,1,1,14,0
264,3,1,1,0,0,0.09,0,2,15,0
154,3,0,0,0,0,0.07,0,3,10,0
795,0,2,1,1,0,0.1,1,1,12,0
610,3,0,0,0,0,0.03,1,2,17,0
1951,3,9,3,5,1,0.16,0,18,12,1
1437,3,6,2,1,1,0.16,0,16,14,1
1117,1,2,1,0,0,0.08,1,4,7,0
382,2,1,0,1,0,0.05,1,2,19,0
477,4,2,1,1,0,0.1,1,4,13,0
593,12,6,3,4,1,0.18,0,5,16,1
134,4,0,0,0,0,0.01,1,4,14,0
196,3,1,0,0,0,0.09,1,0,10,0
1339,0,0,0,1,0,0.09,0,3,10,0
224,14,5,4,5,0,0.12,0,17,17,1
436,5,5,3,1,0,0.23,0,17,13,1
733,4,1,0,1,1,0.09,1,4,7,0
1048,4,3,3,2,1,0.18,0,5,1,1
773,6,3,1,5,1,0.12,0,15,9,1
623,6,6,1,5,0,0.26,0,17,9,1
213,7,2,2,1,1,0.08,0,18,17,1
258,0,2,1,1,0,0.0,1,2,12,0
1588,14,4,1,5,0,0.18,0,19,7,1
152,3,1,1,1,1,0.06,1,0,19,0
871,1,2,1,1,0,0.03,1,0,14,0
746,4,5,2,4,1,0.26,0,13,19,1
767,3,0,1,0,0,0.04,1,0,18,0
1843,4,6,4,4,0,0.24,0,19,14,1
1419,9,9,3,3,1,0.07,0,11,0,1
94,1,2,1,1,1,0.0,1,1,9,0
273,5,3,1,4,0,0.11,0,17,14,1
1304,0,1,0,0,0,0.0,1,4,14,0
351,13,3,3,4,0,0.07,0,10,12,1
522,4,1,1,0,0,0.07,1,2,7,0
1984,6,2,4,4,1,0.24,0,19,6,1
1667,12,8,1,4,1,0.06,0,13,15,1
1343,12,1,1,5,0,0.12,0,14,14,1
383,12,4,2,3,0,0.11,0,11,10,1
646,6,9,2,2,0,0.19,0,11,21,1
1314,8,6,2,4,0,0.21,0,17,13,1
1512,8,2,3,5,0,0.21,0,9,18,1
881,1,2,1,0,0,0.08,0,2,8,0
549,11,5,3,4,1,0.26,0,12,15,1
542,2,1,1,0,0,0.03,1,3,8,0
423,12,3,1,5,1,0.09,0,11,23,1
113,4,2,0,1,0,0.07,1,1,17,0
1184,1,2,0,0,0,0.07,1,0,17,0
752,2,1,1,1,0,0.05,0,1,8,0
238,1,1,1,1,0,0.01,1,0,9,0
1055,1,0,0,0,0,0.03,0,4,17,0
1494,2,2,0,0,0,0.05,0,2,12,0
557,11,8,4,1,0,0.1,0,9,9,1
1052,10,4,4,2,1,0.21,0,17,14,1
1467,4,1,1,1,0,0.02,0,0,14,0
663,3,1,0,1,1,0.05,0,2,14,0
1764,5,1,3,4,0,0.24,0,9,19,1
1072,13,2,1,1,1,0.29,0,14,13,1
1198,2,1,0,1,0,0.08,1,1,18,0
603,9,8,4,4,1,0.13,0,5,1,1
304,5,7,3,4,0,0.17,0,12,7,1
739,6,8,4,3,1,0.11,0,19,16,1
1953,5,4,3,5,0,0.3,0,6,23,1
377,9,7,3,3,0,0.27,0,5,6,1
1200,9,4,4,2,1,0.1,0,17,10,1
1185,3,0,0,0,0,0.05,0,2,12,0
1182,3,0,0,1,0,0.09,1,1,15,0
115,4,2,0,0,0,0.02,1,3,9,0
760,7,2,4,3,1,0.11,0,14,9,1
954,11,3,3,5,1,0.16,0,17,12,1
1462,0,1,1,1,1,0.02,1,0,7,0
149,1,0,1,0,0,0.02,1,1,19,0
459,4,2,1,1,1,0.11,0,18,23,1
1073,8,2,2,4,1,0.3,0,10,4,1
1165,3,0,1,1,0,0.06,1,4,15,0
1362,2,1,1,1,0,0.02,0,0,16,0
564,3,0,0,0,1,0.01,0,1,19,0
221,3,2,1,1,0,0.08,1,3,16,0
882,11,2,1,3,1,0.17,0,18,18,1
237,1,0,1,1,0,0.06,1,1,8,0
665,3,1,1,1,0,0.04,1,4,18,0
1833,11,9,3,4,1,0.22,0,15,16,1
776,2,1,0,1,0,0.02,1,3,15,0
278,2,0,0,1,1,0.06,0,4,16,0
1164,3,5,2,5,0,0.19,0,5,13,1
847,1,0,0,0,0,0.05,1,0,12,0
877,12,8,2,3,1,0.2,0,5,13,1
119,1,2,1,0,0,0.09,1,1,15,0
432,12,5,3,3,0,0.17,0,13,21,1
1257,5,6,3,2,1,0.22,0,5,16,1
378,3,0,0,0,0,0.05,1,3,19,0
532,11,2,1,5,0,0.11,0,10,16,1
1397,5,6,3,4,0,0.28,0,14,6,1
954,4,8,3,2,1,0.26,0,14,23,1
1991,11,1,1,3,1,0.27,0,10,17,1
1628,13,6,3,4,0,0.27,0,19,16,1
948,3,2,1,1,0,0.08,1,0,11,0
810,13,1,2,1,0,0.15,0,7,22,1
1416,0,1,1,0,0,0.0,1,1,11,0
540,6,6,4,2,0,0.24,0,14,13,1
786,0,2,0,0,0,0.06,0,2,18,0
1428,11,6,3,4,1,0.18,0,12,16,1
415,4,4,4,2,0,0.12,0,14,18,1
1041,3,0,1,1,0,0.06,1,1,10,0
1398,0,1,1,1,0,0.09,1,3,13,0
1073,1,1,0,0,1,0.06,0,4,7,0
1052,0,1,1,0,0,0.08,1,4,8,0
850,1,0,0,1,0,0.06,0,2,14,0
645,0,1,1,1,1,0.03,0,4,7,0
1345,2,1,1,1,0,0.03,1,2,10,0
1361,0,1,1,0,0,0.02,1,4,12,0
152,0,2,0,0,0,0.07,0,1,15,0
1255,1,2,1,0,1,0.01,0,3,16,0
1182,2,0,0,1,0,0.01,1,0,18,0
965,1,1,0,1,0,0.0,1,0,13,0
798,5,5,1,5,0,0.07,0,6,15,1
413,4,6,3,3,1,0.17,0,12,23,1
1362,7,2,3,2,0,0.15,0,13,21,1
1683,5,5,3,4,1,0.1,0,14,16,1
1159,4,1,0,0,1,0.01,1,0,9,0
860,12,2,1,3,0,0.14,0,19,13,1
266,14,4,4,5,0,0.23,0,17,8,1
1229,3,1,0,1,0,0.03,0,1,14,0
479,8,2,4,3,1,0.09,0,6,17,1
717,3,2,0,0,1,0.07,0,4,16,0
1279,1,1,1,0,0,0.02,1,0,7,0
377,1,0,0,1,0,0.04,1,3,11,0
1437,0,2,1,1,0,0.05,1,1,10,0
429,2,2,0,0,0,0.02,0,2,16,0
1338,4,9,4,5,1,0.23,0,16,14,1
534,13,8,2,4,0,0.2,0,9,15,1
951,12,3,2,3,0,0.17,0,6,3,1
962,10,2,1,2,0,0.26,0,16,15,1
493,0,2,1,1,0,0.08,1,0,17,0
559,4,0,1,1,1,0.05,0,2,8,0
636,8,4,2,1,0,0.22,0,18,16,1
1081,2,2,0,1,0,0.04,1,1,18,0
1384,6,6,4,5,0,0.28,0,17,14,1
1270,1,1,1,0,0,0.05,1,1,15,0
394,13,9,1,1,1,0.15,0,8,13,1
1048,0,1,1,0,0,0.02,1,2,13,0
1153,4,2,1,0,0,0.1,0,2,13,0
773,12,8,1,1,1,0.13,0,11,3,1
706,1,0,0,0,0,0.08,1,0,10,0
556,11,7,4,3,0,0.23,0,17,17,1
562,8,5,1,4,1,0.21,0,19,13,1
1802,9,5,3,2,0,0.21,0,8,16,1
1009,14,8,3,4,1,0.22,0,15,17,1
727,3,3,4,5,0,0.24,0,19,12,1
1112,11,7,2,4,1,0.23,0,19,13,1
1650,6,3,2,1,0,0.29,0,12,17,1
805,2,1,1,0,0,0.08,1,4,13,0
270,2,2,1,0,0,0.1,1,0,17,0
1257,4,7,2,1,0,0.17,0,12,8,1
1866,13,6,4,2,1,0.22,0,18,21,1
901,1,0,1,0,0,0.09,1,1,17,0
1602,11,2,4,5,1,0.19,0,16,6,1
793,7,3,4,3,1,0.08,0,6,13,1
1735,3,1,4,5,0,0.15,0,5,12,1
585,0,2,0,1,0,0.02,0,1,14,0
1085,2,2,1,1,0,0.03,1,4,13,0
1426,3,1,0,0,0,0.02,1,1,13,0
274,4,7,4,3,0,0.29,0,11,3,1
1139,14,3,3,5,1,0.11,0,15,21,1
664,2,1,0,0,0,0.07,1,0,15,0
1827,9,9,1,1,0,0.18,0,6,16,1
648,7,4,1,4,0,0.06,0,19,12,1
654,3,0,1,0,0,0.06,1,4,10,0
549,4,0,1,0,0,0.07,1,0,14,0
348,10,4,1,4,1,0.18,0,7,21,1
1859,12,2,2,1,0,0.06,0,14,9,1
1225,2,2,0,0,0,0.04,1,3,18,0
1138,3,8,1,5,0,0.14,0,15,14,1
1403,2,1,1,1,0,0.02,0,0,19,0
370,1,1,0,1,0,0.04,0,4,12,0
1179,0,1,1,1,1,0.07,1,2,10,0
1214,1,0,1,1,0,0.09,1,0,16,0
1303,2,2,0,1,1,0.03,1,3,18,0
1280,4,2,3,2,0,0.15,0,6,9,1
888,1,0,0,0,0,0.04,1,3,19,0
287,6,6,4,2,1,0.12,0,12,17,1
73,3,2,0,0,0,0.05,1,1,12,0
1720,13,3,3,3,0,0.18,0,10,12,1
988,2,1,0,1,0,0.07,1,1,16,0
255,12,2,1,4,0,0.15,0,18,17,1
1788,5,4,4,5,0,0.11,0,10,8,1
1240,0,1,0,1,0,0.02,0,0,9,0
1284,4,0,0,1,0,0.03,0,0,8,0
1755,14,2,3,1,0,0.09,0,9,14,1
1625,13,8,2,1,1,0.25,0,7,18,1
882,1,0,0,1,0,0.1,1,1,12,0
1438,9,8,3,4,0,0.26,0,11,20,1
942,0,0,0,1,0,0.03,1,4,16,0
1643,7,8,2,4,0,0.27,0,18,2,1
1018,10,6,2,5,0,0.3,0,14,6,1
326,0,2,1,1,0,0.09,1,3,7,0
516,12,6,4,1,0,0.22,0,19,10,1
1719,13,1,1,2,0,0.08,0,14,12,1
1543,3,9,2,5,0,0.09,0,10,3,1
1093,0,1,0,0,0,0.09,1,0,12,0
851,2,1,1,1,0,0.08,0,1,18,0
783,4,5,4,2,1,0.09,0,19,6,1
498,6,4,1,2,0,0.08,0,14,13,1
808,3,0,0,1,0,0.02,1,0,9,0
952,8,9,4,3,1,0.07,0,10,18,1
1649,11,4,3,5,0,0.13,0,13,22,1
1172,7,6,2,3,0,0.1,0,10,17,1
154,0,0,1,0,0,0.09,0,3,19,0
1898,4,9,3,5,1,0.15,0,6,13,1
1177,1,1,1,1,0,0.02,0,3,14,0
1459,8,1,4,1,1,0.14,0,18,12,1
1362,6,3,1,3,1,0.22,0,16,15,1
989,2,0,1,1,1,0.05,1,3,18,0
865,1,1,1,0,0,0.02,0,0,19,0
589,4,1,1,1,0,0.08,1,4,10,0
594,0,1,1,0,0,0.1,1,0,17,0
1076,4,1,1,0,0,0.07,1,2,12,0
1004,3,2,1,0,0,0.07,1,4,13,0
795,0,1,1,0,0,0.04,1,0,9,0
1093,0,0,1,0,1,0.03,1,0,14,0
1249,4,0,0,0,0,0.01,1,1,15,0
59,0,2,0,0,0,0.02,1,2,15,0
320,2,2,0,0,0,0.02,0,1,15,0
691,2,0,1,0,1,0.01,1,0,12,0
1625,5,9,1,5,0,0.23,0,8,12,1
1429,3,1,0,0,0,0.08,0,3,11,0
736,14,5,1,3,1,0.09,0,18,4,1
1575,3,1,1,1,0,0.26,0,13,21,1
679,1,0,1,1,0,0.04,1,1,18,0
1294,2,1,1,0,1,0.05,0,3,11,0
1544,6,1,1,2,1,0.13,0,8,12,1
1453,2,0,1,0,0,0.03,0,3,15,0
1251,3,1,3,4,0,0.13,0,17,2,1
1177,3,0,1,1,1,0.02,1,1,15,0
302,3,1,0,0,0,0.07,0,4,14,0
442,1,0,1,0,1,0.01,1,2,16,0
722,0,0,1,1,1,0.03,1,1,17,0
1104,12,3,3,1,0,0.19,0,6,21,1
1319,8,5,1,4,1,0.11,0,9,19,1
639,2,2,1,0,0,0.03,1,1,8,0
1214,5,9,4,3,1,0.08,0,18,9,1
62,2,2,0,0,0,0.01,1,3,14,0
405,1,0,0,1,0,0.08,1,1,15,0
1334,4,9,1,1,0,0.28,0,15,13,1
1412,9,3,3,4,0,0.24,0,12,9,1
1185,9,6,2,1,1,0.1,0,11,13,1
1915,12,7,4,2,0,0.12,0,12,18,1
994,13,5,1,1,1,0.28,0,13,22,1
1453,4,1,1,1,1,0.09,0,1,17,0
173,1,0,0,0,0,0.01,1,1,15,0
881,3,1,1,0,1,0.01,1,1,7,0
1380,11,1,3,2,1,0.21,0,15,14,1
672,1,0,0,0,0,0.02,1,4,12,0
1181,7,2,4,2,0,0.29,0,6,7,1
763,1,0,1,0,0,0.08,1,0,16,0
1037,0,0,0,0,0,0.05,0,0,18,0
1101,11,1,1,1,0,0.29,0,5,15,1
483,1,0,1,0,0,0.03,1,3,18,0
842,13,9,2,4,0,0.09,0,14,14,1
296,3,1,1,0,1,0.06,0,0,12,0
1455,0,0,0,1,1,0.07,1,2,18,0
231,11,3,1,5,0,0.11,0,11,20,1
522,2,1,1,0,0,0.05,0,0,12,0
929,2,2,0,1,0,0.05,1,1,15,0
321,3,6,3,2,0,0.12,0,16,14,1
879,8,5,1,1,0,0.1,0,15,15,1
1650,12,9,1,3,0,0.11,0,11,5,1
665,1,0,0,1,0,0.03,0,2,7,0
440,4,1,1,0,0,0.07,1,0,17,0
890,1,0,0,1,0,0.04,1,3,17,0
1025,10,7,1,1,0,0.16,0,17,9,1
1756,6,2,3,4,0,0.1,0,14,15,1
1141,1,0,1,0,0,0.05,1,1,16,0
328,5,5,2,3,0,0.27,0,9,18,1
1173,4,0,1,1,0,0.01,1,2,13,0
862,6,5,1,3,0,0.27,0,14,10,1
740,9,3,1,4,0,0.11,0,5,17,1
1090,14,1,1,1,1,0.26,0,11,11,1
1933,11,1,1,4,1,0.05,0,19,0,1
613,1,0,1,0,0,0.04,1,0,14,0
266,14,7,4,5,0,0.19,0,6,8,1
1320,7,1,4,5,1,0.19,0,6,22,1
683,1,0,1,0,0,0.06,1,3,11,0
1321,1,2,1,1,0,0.05,1,0,9,0
1291,0,1,0,1,0,0.04,1,0,8,0
1876,4,7,4,5,0,0.11,0,15,13,1
134,3,1,0,0,0,0.09,1,3,16,0
1956,8,1,4,1,0,0.26,0,7,6,1
639,6,8,1,5,0,0.1,0,17,9,1
1695,5,5,4,1,0,0.15,0,15,20,1
215,3,1,1,0,1,0.06,1,3,17,0
626,13,4,1,3,0,0.05,0,13,16,1
1081,1,0,0,0,0,0.02,1,2,8,0
1032,5,6,1,3,0,0.23,0,11,15,1
934,0,2,1,0,0,0.02,1,0,13,0
636,11,6,2,3,0,0.21,0,16,16,1
544,10,8,1,4,0,0.22,0,13,15,1
442,0,1,1,0,0,0.05,1,1,9,0
1034,9,7,2,2,1,0.06,0,10,19,1
752,4,7,4,5,0,0.22,0,11,6,1
307,1,0,0,1,0,0.08,1,3,10,0
144,4,0,0,1,0,0.06,1,0,15,0
1431,7,2,2,5,0,0.24,0,17,11,1
409,10,4,2,2,1,0.29,0,17,10,1
778,9,4,3,3,0,0.24,0,15,7,1
1672,12,9,3,3,1,0.2,0,5,15,1
139,3,0,1,0,1,0.08,1,3,13,0
736,3,1,0,0,1,0.0,1,3,12,0
364,9,6,2,2,0,0.3,0,6,12,1
1095,4,1,1,1,0,0.04,1,2,18,0
1679,11,2,4,5,1,0.1,0,16,14,1
1129,1,2,1,0,0,0.06,0,3,19,0
1010,3,0,1,0,1,0.09,1,1,19,0
544,4,6,2,4,0,0.07,0,17,12,1
1792,9,1,2,3,0,0.23,0,18,13,1
996,7,3,3,2,0,0.25,0,7,13,1
909,10,4,1,4,0,0.29,0,18,12,1
1620,7,1,3,3,0,0.29,0,14,15,1
938,14,6,2,1,0,0.12,0,19,6,1
1044,14,5,1,4,0,0.18,0,15,1,1
1475,0,0,1,0,0,0.03,1,4,17,0
729,3,2,3,2,0,0.26,0,16,21,1
1194,3,0,1,1,0,0.08,0,4,7,0
1159,0,1,1,0,0,0.04,0,1,14,0
1479,5,6,4,2,0,0.05,0,18,15,1
1133,2,2,0,1,0,0.04,1,2,17,0
641,1,0,1,1,0,0.04,0,1,8,0
1680,9,2,4,3,1,0.13,0,5,14,1
1593,6,6,4,1,0,0.06,0,15,5,1
682,8,3,4,3,1,0.17,0,18,7,1
958,5,4,1,3,1,0.23,0,13,12,1
1236,1,0,0,0,0,0.08,0,2,19,0
1482,3,2,1,0,0,0.07,1,0,7,0
462,1,2,0,0,0,0.01,1,3,13,0
235,5,1,2,3,1,0.07,0,8,17,1
1844,14,8,3,1,0,0.18,0,17,23,1
1503,9,6,1,1,0,0.15,0,16,22,1
1169,9,3,1,2,1,0.07,0,19,16,1
454,4,7,2,3,0,0.27,0,17,9,1
1863,14,5,3,5,1,0.2,0,7,19,1
1338,7,3,3,2,0,0.09,0,13,12,1
638,4,0,0,0,0,0.03,1,4,19,0
1337,4,2,0,1,0,0.03,1,0,8,0
1409,2,2,0,1,0,0.07,1,4,7,0
1472,9,8,4,4,0,0.22,0,15,3,1
1464,6,3,4,2,1,0.12,0,16,19,1
465,3,1,0,0,0,0.04,1,4,19,0
1037,13,2,3,2,1,0.27,0,9,5,1
928,1,2,1,0,1,0.03,0,2,18,0
428,5,1,4,4,0,0.08,0,13,16,1
1542,14,1,3,4,1,0.13,0,11,15,1
224,2,0,0,1,0,0.05,1,0,10,0
1577,13,2,1,2,0,0.13,0,13,9,1
1046,12,9,3,3,0,0.1,0,8,19,1
146,1,1,1,0,0,0.06,1,2,14,0
273,14,1,4,3,1,0.24,0,13,2,1
654,12,3,1,2,0,0.21,0,6,13,1
476,1,0,1,1,0,0.07,1,2,12,0
1497,9,5,1,3,1,0.06,0,19,0,1
779,0,0,1,0,0,0.06,1,4,10,0
332,13,4,1,1,1,0.15,0,14,12,1
315,0,0,1,1,0,0.09,1,0,17,0
1220,6,8,3,3,0,0.23,0,8,6,1
1282,7,3,2,1,0,0.17,0,19,5,1
912,2,1,0,0,0,0.08,1,2,13,0
1152,8,1,4,1,1,0.06,0,13,18,1
284,2,0,0,1,0,0.01,0,4,19,0
209,14,6,1,2,0,0.1,0,5,12,1
916,10,6,3,3,1,0.08,0,14,15,1
368,0,1,0,1,1,0.1,1,4,18,0
923,12,3,2,4,1,0.28,0,17,8,1
596,0,1,0,0,0,0.01,1,3,14,0
170,4,0,1,1,0,0.03,1,3,12,0
642,1,1,1,1,0,0.05,1,2,11,0
1670,5,4,3,4,1,0.23,0,14,15,1
1227,0,2,0,1,0,0.01,0,1,18,0
669,2,2,1,0,0,0.05,1,3,12,0
1938,9,9,4,2,0,0.16,0,13,15,1
1033,0,2,1,0,0,0.06,1,3,19,0
304,4,1,1,1,0,0.01,1,3,18,0
879,8,2,2,1,0,0.17,0,18,16,1
1021,0,1,1,0,0,0.04,1,1,17,0
702,1,1,0,1,1,0.04,0,1,18,0
869,0,1,1,1,0,0.07,0,4,14,0
239,9,6,1,5,0,0.25,0,19,10,1
578,1,0,0,1,1,0.06,0,1,11,0
567,8,8,3,2,1,0.26,0,15,17,1
1154,3,1,0,0,1,0.05,1,0,14,0
997,4,0,1,1,0,0.1,1,2,7,0
1040,0,2,1,0,0,0.03,0,2,13,0
579,4,0,1,0,0,0.08,1,3,18,0
1354,3,2,1,0,0,0.1,1,2,15,0
919,2,0,1,1,1,0.05,1,4,19,0
942,6,6,3,5,0,0.18,0,10,14,1
349,2,2,0,1,1,0.09,1,2,15,0
657,1,2,1,0,0,0.03,1,4,7,0
60,4,0,1,1,1,0.02,1,2,10,0
1391,2,0,0,0,0,0.03,1,0,14,0
498,1,2,0,1,0,0.07,1,0,16,0
705,4,2,0,0,0,0.05,1,4,11,0
204,2,1,0,0,0,0.01,0,2,19,0
1501,3,5,3,5,0,0.11,0,13,12,1
396,3,0,0,1,0,0.02,0,3,19,0
1497,4,0,1,0,0,0.03,1,0,13,0
308,3,2,0,0,0,0.1,0,2,12,0
1446,3,1,1,0,1,0.09,1,1,13,0
430,0,0,1,0,0,0.08,1,4,11,0
75,1,0,0,1,0,0.06,1,4,9,0
624,7,9,2,4,0,0.27,0,8,16,1
1115,7,6,2,3,0,0.13,0,8,17,1
1444,14,1,1,2,1,0.07,0,19,10,1
666,4,2,0,0,0,0.08,0,4,16,0
694,2,2,0,1,0,0.04,0,1,9,0
1933,13,5,2,4,0,0.07,0,14,7,1
661,0,0,0,0,1,0.08,1,2,9,0
663,3,2,0,0,0,0.09,0,0,12,0
1488,1,2,1,1,1,0.05,1,2,15,0
379,3,0,0,0,1,0.1,0,3,16,0
320,4,0,0,1,0,0.05,1,3,18,0
1188,11,7,4,3,0,0.11,0,17,2,1
852,2,2,0,1,0,0.09,1,4,11,0
656,11,1,2,5,1,0.2,0,14,8,1
1117,1,1,0,0,0,0.09,1,1,19,0
324,2,0,1,0,0,0.06,1,1,9,0
1489,6,7,2,3,0,0.13,0,14,14,1
196,4,2,1,0,1,0.02,1,1,18,0
1031,4,2,1,0,0,0.07,0,2,18,0
1688,12,3,3,4,1,0.15,0,5,21,1
1223,8,9,1,4,0,0.24,0,19,15,1
413,3,1,1,1,0,0.09,1,0,18,0
1388,11,4,1,5,1,0.23,0,18,18,1
320,3,4,4,2,0,0.09,0,12,17,1
1040,9,2,1,3,0,0.2,0,16,7,1
576,1,0,0,1,0,0.01,0,2,15,0
1245,4,1,0,1,1,0.04,0,0,12,0
608,4,1,1,0,1,0.02,1,0,11,0
607,0,0,0,0,1,0.05,0,4,16,0
735,3,2,1,1,1,0.03,1,2,14,0
667,2,2,0,0,0,0.09,0,1,10,0
681,1,2,1,0,0,0.08,1,3,13,0
821,10,8,4,5,0,0.09,0,17,15,1
1151,3,0,0,1,0,0.08,1,2,13,0
119,1,2,1,0,0,0.08,1,2,18,0
1389,4,7,4,5,0,0.28,0,5,12,1
1429,4,0,1,1,0,0.02,1,0,11,0
1415,4,2,0,0,1,0.04,1,4,9,0
944,9,8,2,4,0,0.22,0,19,8,1
206,1,2,0,0,0,0.01,1,1,17,0
288,1,2,0,0,0,0.06,1,0,7,0
65,3,1,1,1,0,0.04,1,3,8,0
617,3,2,1,0,0,0.01,1,4,13,0
947,4,1,0,1,0,0.06,1,4,14,0
1047,1,1,1,0,0,0.09,0,0,15,0
979,3,3,4,1,0,0.2,0,13,7,1
1310,8,9,3,4,0,0.16,0,11,7,1
1095,4,4,4,5,1,0.14,0,16,13,1
532,4,2,0,1,1,0.1,1,0,19,0
915,4,0,1,1,0,0.09,1,3,17,0
299,4,0,0,0,1,0.05,0,2,13,0
832,0,1,1,0,0,0.06,1,4,13,0
222,2,0,0,1,0,0.06,0,3,9,0
1017,7,1,3,1,1,0.22,0,8,13,1
893,4,0,0,0,0,0.06,0,1,18,0
1344,4,6,1,1,0,0.09,0,9,14,1
767,0,0,0,0,1,0.01,1,0,9,0
250,5,3,4,4,0,0.18,0,13,13,1
1285,9,7,2,4,1,0.14,0,13,1,1
1687,8,1,2,5,1,0.3,0,18,11,1
1929,14,9,3,2,0,0.16,0,14,14,1
1918,13,2,2,1,0,0.29,0,11,8,1
856,4,2,1,1,0,0.05,0,4,18,0
826,1,0,0,0,0,0.05,1,1,18,0
1478,3,9,1,5,0,0.24,0,14,16,1
317,7,3,1,4,0,0.17,0,12,18,1
